--
-- PostgreSQL database dump
--

\restrict Cw1stqXnQRj9gsHplpBCWy1CrB6oG7qJ0pCOteYnRxQZIhOgmY3daEbO41HIul4

-- Dumped from database version 18.4
-- Dumped by pg_dump version 18.4

SET statement_timeout = 0;
SET lock_timeout = 0;
SET idle_in_transaction_session_timeout = 0;
SET transaction_timeout = 0;
SET client_encoding = 'UTF8';
SET standard_conforming_strings = on;
SELECT pg_catalog.set_config('search_path', '', false);
SET check_function_bodies = false;
SET xmloption = content;
SET client_min_messages = warning;
SET row_security = off;

SET default_tablespace = '';

SET default_table_access_method = heap;

--
-- Name: auth_group; Type: TABLE; Schema: public; Owner: postgres
--

CREATE TABLE public.auth_group (
    id integer NOT NULL,
    name character varying(150) NOT NULL
);


ALTER TABLE public.auth_group OWNER TO postgres;

--
-- Name: auth_group_id_seq; Type: SEQUENCE; Schema: public; Owner: postgres
--

ALTER TABLE public.auth_group ALTER COLUMN id ADD GENERATED BY DEFAULT AS IDENTITY (
    SEQUENCE NAME public.auth_group_id_seq
    START WITH 1
    INCREMENT BY 1
    NO MINVALUE
    NO MAXVALUE
    CACHE 1
);


--
-- Name: auth_group_permissions; Type: TABLE; Schema: public; Owner: postgres
--

CREATE TABLE public.auth_group_permissions (
    id bigint NOT NULL,
    group_id integer NOT NULL,
    permission_id integer NOT NULL
);


ALTER TABLE public.auth_group_permissions OWNER TO postgres;

--
-- Name: auth_group_permissions_id_seq; Type: SEQUENCE; Schema: public; Owner: postgres
--

ALTER TABLE public.auth_group_permissions ALTER COLUMN id ADD GENERATED BY DEFAULT AS IDENTITY (
    SEQUENCE NAME public.auth_group_permissions_id_seq
    START WITH 1
    INCREMENT BY 1
    NO MINVALUE
    NO MAXVALUE
    CACHE 1
);


--
-- Name: auth_permission; Type: TABLE; Schema: public; Owner: postgres
--

CREATE TABLE public.auth_permission (
    id integer NOT NULL,
    name character varying(255) NOT NULL,
    content_type_id integer NOT NULL,
    codename character varying(100) NOT NULL
);


ALTER TABLE public.auth_permission OWNER TO postgres;

--
-- Name: auth_permission_id_seq; Type: SEQUENCE; Schema: public; Owner: postgres
--

ALTER TABLE public.auth_permission ALTER COLUMN id ADD GENERATED BY DEFAULT AS IDENTITY (
    SEQUENCE NAME public.auth_permission_id_seq
    START WITH 1
    INCREMENT BY 1
    NO MINVALUE
    NO MAXVALUE
    CACHE 1
);


--
-- Name: auth_user; Type: TABLE; Schema: public; Owner: postgres
--

CREATE TABLE public.auth_user (
    id integer NOT NULL,
    password character varying(128) NOT NULL,
    last_login timestamp with time zone,
    is_superuser boolean NOT NULL,
    username character varying(150) NOT NULL,
    first_name character varying(150) NOT NULL,
    last_name character varying(150) NOT NULL,
    email character varying(254) NOT NULL,
    is_staff boolean NOT NULL,
    is_active boolean NOT NULL,
    date_joined timestamp with time zone NOT NULL
);


ALTER TABLE public.auth_user OWNER TO postgres;

--
-- Name: auth_user_groups; Type: TABLE; Schema: public; Owner: postgres
--

CREATE TABLE public.auth_user_groups (
    id bigint NOT NULL,
    user_id integer NOT NULL,
    group_id integer NOT NULL
);


ALTER TABLE public.auth_user_groups OWNER TO postgres;

--
-- Name: auth_user_groups_id_seq; Type: SEQUENCE; Schema: public; Owner: postgres
--

ALTER TABLE public.auth_user_groups ALTER COLUMN id ADD GENERATED BY DEFAULT AS IDENTITY (
    SEQUENCE NAME public.auth_user_groups_id_seq
    START WITH 1
    INCREMENT BY 1
    NO MINVALUE
    NO MAXVALUE
    CACHE 1
);


--
-- Name: auth_user_id_seq; Type: SEQUENCE; Schema: public; Owner: postgres
--

ALTER TABLE public.auth_user ALTER COLUMN id ADD GENERATED BY DEFAULT AS IDENTITY (
    SEQUENCE NAME public.auth_user_id_seq
    START WITH 1
    INCREMENT BY 1
    NO MINVALUE
    NO MAXVALUE
    CACHE 1
);


--
-- Name: auth_user_user_permissions; Type: TABLE; Schema: public; Owner: postgres
--

CREATE TABLE public.auth_user_user_permissions (
    id bigint NOT NULL,
    user_id integer NOT NULL,
    permission_id integer NOT NULL
);


ALTER TABLE public.auth_user_user_permissions OWNER TO postgres;

--
-- Name: auth_user_user_permissions_id_seq; Type: SEQUENCE; Schema: public; Owner: postgres
--

ALTER TABLE public.auth_user_user_permissions ALTER COLUMN id ADD GENERATED BY DEFAULT AS IDENTITY (
    SEQUENCE NAME public.auth_user_user_permissions_id_seq
    START WITH 1
    INCREMENT BY 1
    NO MINVALUE
    NO MAXVALUE
    CACHE 1
);


--
-- Name: django_admin_log; Type: TABLE; Schema: public; Owner: postgres
--

CREATE TABLE public.django_admin_log (
    id integer NOT NULL,
    action_time timestamp with time zone NOT NULL,
    object_id text,
    object_repr character varying(200) NOT NULL,
    action_flag smallint NOT NULL,
    change_message text NOT NULL,
    content_type_id integer,
    user_id integer NOT NULL,
    CONSTRAINT django_admin_log_action_flag_check CHECK ((action_flag >= 0))
);


ALTER TABLE public.django_admin_log OWNER TO postgres;

--
-- Name: django_admin_log_id_seq; Type: SEQUENCE; Schema: public; Owner: postgres
--

ALTER TABLE public.django_admin_log ALTER COLUMN id ADD GENERATED BY DEFAULT AS IDENTITY (
    SEQUENCE NAME public.django_admin_log_id_seq
    START WITH 1
    INCREMENT BY 1
    NO MINVALUE
    NO MAXVALUE
    CACHE 1
);


--
-- Name: django_content_type; Type: TABLE; Schema: public; Owner: postgres
--

CREATE TABLE public.django_content_type (
    id integer NOT NULL,
    app_label character varying(100) NOT NULL,
    model character varying(100) NOT NULL
);


ALTER TABLE public.django_content_type OWNER TO postgres;

--
-- Name: django_content_type_id_seq; Type: SEQUENCE; Schema: public; Owner: postgres
--

ALTER TABLE public.django_content_type ALTER COLUMN id ADD GENERATED BY DEFAULT AS IDENTITY (
    SEQUENCE NAME public.django_content_type_id_seq
    START WITH 1
    INCREMENT BY 1
    NO MINVALUE
    NO MAXVALUE
    CACHE 1
);


--
-- Name: django_migrations; Type: TABLE; Schema: public; Owner: postgres
--

CREATE TABLE public.django_migrations (
    id bigint NOT NULL,
    app character varying(255) NOT NULL,
    name character varying(255) NOT NULL,
    applied timestamp with time zone NOT NULL
);


ALTER TABLE public.django_migrations OWNER TO postgres;

--
-- Name: django_migrations_id_seq; Type: SEQUENCE; Schema: public; Owner: postgres
--

ALTER TABLE public.django_migrations ALTER COLUMN id ADD GENERATED BY DEFAULT AS IDENTITY (
    SEQUENCE NAME public.django_migrations_id_seq
    START WITH 1
    INCREMENT BY 1
    NO MINVALUE
    NO MAXVALUE
    CACHE 1
);


--
-- Name: django_session; Type: TABLE; Schema: public; Owner: postgres
--

CREATE TABLE public.django_session (
    session_key character varying(40) NOT NULL,
    session_data text NOT NULL,
    expire_date timestamp with time zone NOT NULL
);


ALTER TABLE public.django_session OWNER TO postgres;

--
-- Name: donations_donation; Type: TABLE; Schema: public; Owner: postgres
--

CREATE TABLE public.donations_donation (
    id bigint NOT NULL,
    restaurant_name character varying(200) NOT NULL,
    food_type character varying(150) NOT NULL,
    quantity integer NOT NULL,
    city character varying(120) NOT NULL,
    date timestamp with time zone NOT NULL,
    CONSTRAINT donations_donation_quantity_check CHECK ((quantity >= 0))
);


ALTER TABLE public.donations_donation OWNER TO postgres;

--
-- Name: donations_donation_id_seq; Type: SEQUENCE; Schema: public; Owner: postgres
--

ALTER TABLE public.donations_donation ALTER COLUMN id ADD GENERATED BY DEFAULT AS IDENTITY (
    SEQUENCE NAME public.donations_donation_id_seq
    START WITH 1
    INCREMENT BY 1
    NO MINVALUE
    NO MAXVALUE
    CACHE 1
);


--
-- Name: donations_donationnotificationlog; Type: TABLE; Schema: public; Owner: postgres
--

CREATE TABLE public.donations_donationnotificationlog (
    id bigint NOT NULL,
    status character varying(20) NOT NULL,
    radius_km integer NOT NULL,
    distance_km double precision,
    notified_at timestamp with time zone NOT NULL,
    responded_at timestamp with time zone,
    response_time_seconds integer,
    is_read boolean NOT NULL,
    read_at timestamp with time zone,
    is_active boolean NOT NULL,
    sms_provider_response jsonb CONSTRAINT donations_donationnotificationlo_sms_provider_response_not_null NOT NULL,
    debug_context jsonb NOT NULL,
    donation_id bigint NOT NULL,
    ngo_id bigint
);


ALTER TABLE public.donations_donationnotificationlog OWNER TO postgres;

--
-- Name: donations_donationnotificationlog_id_seq; Type: SEQUENCE; Schema: public; Owner: postgres
--

ALTER TABLE public.donations_donationnotificationlog ALTER COLUMN id ADD GENERATED BY DEFAULT AS IDENTITY (
    SEQUENCE NAME public.donations_donationnotificationlog_id_seq
    START WITH 1
    INCREMENT BY 1
    NO MINVALUE
    NO MAXVALUE
    CACHE 1
);


--
-- Name: donations_ngofoodrequest; Type: TABLE; Schema: public; Owner: postgres
--

CREATE TABLE public.donations_ngofoodrequest (
    id bigint NOT NULL,
    food_type character varying(120) NOT NULL,
    quantity integer NOT NULL,
    "timestamp" timestamp with time zone NOT NULL,
    fulfilled boolean NOT NULL,
    ngo_id bigint NOT NULL,
    accepted_by_id bigint,
    CONSTRAINT donations_ngofoodrequest_quantity_check CHECK ((quantity >= 0))
);


ALTER TABLE public.donations_ngofoodrequest OWNER TO postgres;

--
-- Name: donations_ngofoodrequest_id_seq; Type: SEQUENCE; Schema: public; Owner: postgres
--

ALTER TABLE public.donations_ngofoodrequest ALTER COLUMN id ADD GENERATED BY DEFAULT AS IDENTITY (
    SEQUENCE NAME public.donations_ngofoodrequest_id_seq
    START WITH 1
    INCREMENT BY 1
    NO MINVALUE
    NO MAXVALUE
    CACHE 1
);


--
-- Name: donations_ngogalleryimage; Type: TABLE; Schema: public; Owner: postgres
--

CREATE TABLE public.donations_ngogalleryimage (
    id bigint NOT NULL,
    image character varying(100) NOT NULL,
    caption character varying(255) NOT NULL,
    created_at timestamp with time zone NOT NULL,
    ngo_id bigint NOT NULL,
    pickup_task_id bigint
);


ALTER TABLE public.donations_ngogalleryimage OWNER TO postgres;

--
-- Name: donations_ngogalleryimage_id_seq; Type: SEQUENCE; Schema: public; Owner: postgres
--

ALTER TABLE public.donations_ngogalleryimage ALTER COLUMN id ADD GENERATED BY DEFAULT AS IDENTITY (
    SEQUENCE NAME public.donations_ngogalleryimage_id_seq
    START WITH 1
    INCREMENT BY 1
    NO MINVALUE
    NO MAXVALUE
    CACHE 1
);


--
-- Name: donations_ngoprofile; Type: TABLE; Schema: public; Owner: postgres
--

CREATE TABLE public.donations_ngoprofile (
    id bigint NOT NULL,
    name character varying(200) NOT NULL,
    contact_person character varying(120) NOT NULL,
    phone character varying(20) NOT NULL,
    address character varying(255) NOT NULL,
    city character varying(100) NOT NULL,
    user_id integer NOT NULL,
    current_lat double precision,
    current_lng double precision,
    priority_score integer NOT NULL
);


ALTER TABLE public.donations_ngoprofile OWNER TO postgres;

--
-- Name: donations_ngoprofile_id_seq; Type: SEQUENCE; Schema: public; Owner: postgres
--

ALTER TABLE public.donations_ngoprofile ALTER COLUMN id ADD GENERATED BY DEFAULT AS IDENTITY (
    SEQUENCE NAME public.donations_ngoprofile_id_seq
    START WITH 1
    INCREMENT BY 1
    NO MINVALUE
    NO MAXVALUE
    CACHE 1
);


--
-- Name: donations_pickuptask; Type: TABLE; Schema: public; Owner: postgres
--

CREATE TABLE public.donations_pickuptask (
    id bigint NOT NULL,
    assigned_at timestamp with time zone NOT NULL,
    completed boolean NOT NULL,
    request_id bigint,
    assigned_to_id bigint,
    ngo_request_id bigint,
    delivered_to_ngo boolean NOT NULL,
    delivery_otp character varying(6) NOT NULL,
    otp_verified boolean NOT NULL,
    completed_at timestamp with time zone,
    flag_reason character varying(255) NOT NULL,
    flagged_at timestamp with time zone,
    status character varying(20) NOT NULL,
    delivered_at timestamp with time zone,
    delivery_proof_image character varying(100),
    ngo_confirmed_at timestamp with time zone,
    proof_uploaded_at timestamp with time zone,
    transparency_status character varying(32) NOT NULL
);


ALTER TABLE public.donations_pickuptask OWNER TO postgres;

--
-- Name: donations_pickuptask_id_seq; Type: SEQUENCE; Schema: public; Owner: postgres
--

ALTER TABLE public.donations_pickuptask ALTER COLUMN id ADD GENERATED BY DEFAULT AS IDENTITY (
    SEQUENCE NAME public.donations_pickuptask_id_seq
    START WITH 1
    INCREMENT BY 1
    NO MINVALUE
    NO MAXVALUE
    CACHE 1
);


--
-- Name: donations_restaurantprofile; Type: TABLE; Schema: public; Owner: postgres
--

CREATE TABLE public.donations_restaurantprofile (
    id bigint NOT NULL,
    business_name character varying(200) NOT NULL,
    contact_person character varying(120) NOT NULL,
    phone character varying(20) NOT NULL,
    city character varying(100) NOT NULL,
    address character varying(255) NOT NULL,
    user_id integer NOT NULL,
    district character varying(100),
    pincode character varying(10),
    state character varying(100)
);


ALTER TABLE public.donations_restaurantprofile OWNER TO postgres;

--
-- Name: donations_restaurantprofile_id_seq; Type: SEQUENCE; Schema: public; Owner: postgres
--

ALTER TABLE public.donations_restaurantprofile ALTER COLUMN id ADD GENERATED BY DEFAULT AS IDENTITY (
    SEQUENCE NAME public.donations_restaurantprofile_id_seq
    START WITH 1
    INCREMENT BY 1
    NO MINVALUE
    NO MAXVALUE
    CACHE 1
);


--
-- Name: donations_surplusfoodrequest; Type: TABLE; Schema: public; Owner: postgres
--

CREATE TABLE public.donations_surplusfoodrequest (
    id bigint NOT NULL,
    food_type character varying(120) NOT NULL,
    quantity integer NOT NULL,
    "timestamp" timestamp with time zone NOT NULL,
    is_picked boolean NOT NULL,
    restaurant_id bigint NOT NULL,
    cooked_at timestamp with time zone,
    expiry_at timestamp with time zone,
    safety_notes text NOT NULL,
    storage_type character varying(20) NOT NULL,
    accepted_by_ngo_id bigint,
    archived_at timestamp with time zone,
    current_radius_km integer NOT NULL,
    donation_status character varying(20) NOT NULL,
    expiry_reason character varying(50),
    last_radius_expansion_at timestamp with time zone,
    ngos_notified_at timestamp with time zone,
    notification_debug jsonb NOT NULL,
    notified_ngo_ids jsonb NOT NULL,
    posted_at timestamp with time zone,
    restaurant_lat double precision,
    restaurant_lng double precision,
    CONSTRAINT donations_surplusfoodrequest_quantity_check CHECK ((quantity >= 0))
);


ALTER TABLE public.donations_surplusfoodrequest OWNER TO postgres;

--
-- Name: donations_surplusfoodrequest_id_seq; Type: SEQUENCE; Schema: public; Owner: postgres
--

ALTER TABLE public.donations_surplusfoodrequest ALTER COLUMN id ADD GENERATED BY DEFAULT AS IDENTITY (
    SEQUENCE NAME public.donations_surplusfoodrequest_id_seq
    START WITH 1
    INCREMENT BY 1
    NO MINVALUE
    NO MAXVALUE
    CACHE 1
);


--
-- Name: donations_userrole; Type: TABLE; Schema: public; Owner: postgres
--

CREATE TABLE public.donations_userrole (
    id bigint NOT NULL,
    role character varying(20) NOT NULL,
    user_id integer NOT NULL
);


ALTER TABLE public.donations_userrole OWNER TO postgres;

--
-- Name: donations_userrole_id_seq; Type: SEQUENCE; Schema: public; Owner: postgres
--

ALTER TABLE public.donations_userrole ALTER COLUMN id ADD GENERATED BY DEFAULT AS IDENTITY (
    SEQUENCE NAME public.donations_userrole_id_seq
    START WITH 1
    INCREMENT BY 1
    NO MINVALUE
    NO MAXVALUE
    CACHE 1
);


--
-- Name: donations_volunteerprofile; Type: TABLE; Schema: public; Owner: postgres
--

CREATE TABLE public.donations_volunteerprofile (
    id bigint NOT NULL,
    full_name character varying(150) NOT NULL,
    phone character varying(20) NOT NULL,
    area character varying(150) NOT NULL,
    is_available boolean NOT NULL,
    user_id integer NOT NULL,
    profile_photo character varying(100),
    aadhar_card character varying(12) NOT NULL,
    aadhar_verified boolean NOT NULL,
    current_lat double precision,
    current_lng double precision,
    location_updated_at timestamp with time zone,
    blocked_at timestamp with time zone,
    flag_count integer NOT NULL,
    is_blocked boolean NOT NULL,
    verification_status character varying(20) NOT NULL,
    verified_at timestamp with time zone,
    failed_deliveries integer NOT NULL,
    ngo_confirmations integer NOT NULL,
    successful_deliveries integer NOT NULL,
    suspicious_deliveries integer NOT NULL,
    trust_score integer NOT NULL,
    CONSTRAINT donations_volunteerprofile_failed_deliveries_check CHECK ((failed_deliveries >= 0)),
    CONSTRAINT donations_volunteerprofile_flag_count_check CHECK ((flag_count >= 0)),
    CONSTRAINT donations_volunteerprofile_ngo_confirmations_check CHECK ((ngo_confirmations >= 0)),
    CONSTRAINT donations_volunteerprofile_successful_deliveries_check CHECK ((successful_deliveries >= 0)),
    CONSTRAINT donations_volunteerprofile_suspicious_deliveries_check CHECK ((suspicious_deliveries >= 0))
);


ALTER TABLE public.donations_volunteerprofile OWNER TO postgres;

--
-- Name: donations_volunteerprofile_id_seq; Type: SEQUENCE; Schema: public; Owner: postgres
--

ALTER TABLE public.donations_volunteerprofile ALTER COLUMN id ADD GENERATED BY DEFAULT AS IDENTITY (
    SEQUENCE NAME public.donations_volunteerprofile_id_seq
    START WITH 1
    INCREMENT BY 1
    NO MINVALUE
    NO MAXVALUE
    CACHE 1
);


--
-- Name: donations_volunteertrustflag; Type: TABLE; Schema: public; Owner: postgres
--

CREATE TABLE public.donations_volunteertrustflag (
    id bigint NOT NULL,
    reason character varying(255) NOT NULL,
    flagged_at timestamp with time zone NOT NULL,
    pickup_task_id bigint NOT NULL,
    volunteer_id bigint NOT NULL
);


ALTER TABLE public.donations_volunteertrustflag OWNER TO postgres;

--
-- Name: donations_volunteertrustflag_id_seq; Type: SEQUENCE; Schema: public; Owner: postgres
--

ALTER TABLE public.donations_volunteertrustflag ALTER COLUMN id ADD GENERATED BY DEFAULT AS IDENTITY (
    SEQUENCE NAME public.donations_volunteertrustflag_id_seq
    START WITH 1
    INCREMENT BY 1
    NO MINVALUE
    NO MAXVALUE
    CACHE 1
);


--
-- Name: donations_volunteertrustscorelog; Type: TABLE; Schema: public; Owner: postgres
--

CREATE TABLE public.donations_volunteertrustscorelog (
    id bigint NOT NULL,
    score_change integer NOT NULL,
    reason character varying(255) NOT NULL,
    created_at timestamp with time zone NOT NULL,
    pickup_task_id bigint,
    volunteer_id bigint NOT NULL
);


ALTER TABLE public.donations_volunteertrustscorelog OWNER TO postgres;

--
-- Name: donations_volunteertrustscorelog_id_seq; Type: SEQUENCE; Schema: public; Owner: postgres
--

ALTER TABLE public.donations_volunteertrustscorelog ALTER COLUMN id ADD GENERATED BY DEFAULT AS IDENTITY (
    SEQUENCE NAME public.donations_volunteertrustscorelog_id_seq
    START WITH 1
    INCREMENT BY 1
    NO MINVALUE
    NO MAXVALUE
    CACHE 1
);


--
-- Data for Name: auth_group; Type: TABLE DATA; Schema: public; Owner: postgres
--

COPY public.auth_group (id, name) FROM stdin;
\.


--
-- Data for Name: auth_group_permissions; Type: TABLE DATA; Schema: public; Owner: postgres
--

COPY public.auth_group_permissions (id, group_id, permission_id) FROM stdin;
\.


--
-- Data for Name: auth_permission; Type: TABLE DATA; Schema: public; Owner: postgres
--

COPY public.auth_permission (id, name, content_type_id, codename) FROM stdin;
1	Can add log entry	1	add_logentry
2	Can change log entry	1	change_logentry
3	Can delete log entry	1	delete_logentry
4	Can view log entry	1	view_logentry
5	Can add permission	3	add_permission
6	Can change permission	3	change_permission
7	Can delete permission	3	delete_permission
8	Can view permission	3	view_permission
9	Can add group	2	add_group
10	Can change group	2	change_group
11	Can delete group	2	delete_group
12	Can view group	2	view_group
13	Can add user	4	add_user
14	Can change user	4	change_user
15	Can delete user	4	delete_user
16	Can view user	4	view_user
17	Can add content type	5	add_contenttype
18	Can change content type	5	change_contenttype
19	Can delete content type	5	delete_contenttype
20	Can view content type	5	view_contenttype
21	Can add session	6	add_session
22	Can change session	6	change_session
23	Can delete session	6	delete_session
24	Can view session	6	view_session
25	Can add donation	7	add_donation
26	Can change donation	7	change_donation
27	Can delete donation	7	delete_donation
28	Can view donation	7	view_donation
29	Can add ngo profile	11	add_ngoprofile
30	Can change ngo profile	11	change_ngoprofile
31	Can delete ngo profile	11	delete_ngoprofile
32	Can view ngo profile	11	view_ngoprofile
33	Can add restaurant profile	13	add_restaurantprofile
34	Can change restaurant profile	13	change_restaurantprofile
35	Can delete restaurant profile	13	delete_restaurantprofile
36	Can view restaurant profile	13	view_restaurantprofile
37	Can add surplus food request	14	add_surplusfoodrequest
38	Can change surplus food request	14	change_surplusfoodrequest
39	Can delete surplus food request	14	delete_surplusfoodrequest
40	Can view surplus food request	14	view_surplusfoodrequest
41	Can add user role	15	add_userrole
42	Can change user role	15	change_userrole
43	Can delete user role	15	delete_userrole
44	Can view user role	15	view_userrole
45	Can add volunteer profile	16	add_volunteerprofile
46	Can change volunteer profile	16	change_volunteerprofile
47	Can delete volunteer profile	16	delete_volunteerprofile
48	Can view volunteer profile	16	view_volunteerprofile
49	Can add pickup task	12	add_pickuptask
50	Can change pickup task	12	change_pickuptask
51	Can delete pickup task	12	delete_pickuptask
52	Can view pickup task	12	view_pickuptask
53	Can add ngo food request	9	add_ngofoodrequest
54	Can change ngo food request	9	change_ngofoodrequest
55	Can delete ngo food request	9	delete_ngofoodrequest
56	Can view ngo food request	9	view_ngofoodrequest
57	Can add donation notification log	8	add_donationnotificationlog
58	Can change donation notification log	8	change_donationnotificationlog
59	Can delete donation notification log	8	delete_donationnotificationlog
60	Can view donation notification log	8	view_donationnotificationlog
61	Can add ngo gallery image	10	add_ngogalleryimage
62	Can change ngo gallery image	10	change_ngogalleryimage
63	Can delete ngo gallery image	10	delete_ngogalleryimage
64	Can view ngo gallery image	10	view_ngogalleryimage
65	Can add volunteer trust flag	17	add_volunteertrustflag
66	Can change volunteer trust flag	17	change_volunteertrustflag
67	Can delete volunteer trust flag	17	delete_volunteertrustflag
68	Can view volunteer trust flag	17	view_volunteertrustflag
69	Can add volunteer trust score log	18	add_volunteertrustscorelog
70	Can change volunteer trust score log	18	change_volunteertrustscorelog
71	Can delete volunteer trust score log	18	delete_volunteertrustscorelog
72	Can view volunteer trust score log	18	view_volunteertrustscorelog
\.


--
-- Data for Name: auth_user; Type: TABLE DATA; Schema: public; Owner: postgres
--

COPY public.auth_user (id, password, last_login, is_superuser, username, first_name, last_name, email, is_staff, is_active, date_joined) FROM stdin;
1	pbkdf2_sha256$1200000$ZSJIYpzi8mzz4AXh08Okd9$cT75UZzzCjyMrLgbaFKPL8uyNZ4bm2XasvYxMl9jwbs=	2026-05-24 14:36:34.153782+05:30	f	r030			r030@gmail.com	f	t	2026-05-24 14:36:33.414295+05:30
\.


--
-- Data for Name: auth_user_groups; Type: TABLE DATA; Schema: public; Owner: postgres
--

COPY public.auth_user_groups (id, user_id, group_id) FROM stdin;
\.


--
-- Data for Name: auth_user_user_permissions; Type: TABLE DATA; Schema: public; Owner: postgres
--

COPY public.auth_user_user_permissions (id, user_id, permission_id) FROM stdin;
\.


--
-- Data for Name: django_admin_log; Type: TABLE DATA; Schema: public; Owner: postgres
--

COPY public.django_admin_log (id, action_time, object_id, object_repr, action_flag, change_message, content_type_id, user_id) FROM stdin;
\.


--
-- Data for Name: django_content_type; Type: TABLE DATA; Schema: public; Owner: postgres
--

COPY public.django_content_type (id, app_label, model) FROM stdin;
1	admin	logentry
2	auth	group
3	auth	permission
4	auth	user
5	contenttypes	contenttype
6	sessions	session
7	donations	donation
8	donations	donationnotificationlog
9	donations	ngofoodrequest
10	donations	ngogalleryimage
11	donations	ngoprofile
12	donations	pickuptask
13	donations	restaurantprofile
14	donations	surplusfoodrequest
15	donations	userrole
16	donations	volunteerprofile
17	donations	volunteertrustflag
18	donations	volunteertrustscorelog
\.


--
-- Data for Name: django_migrations; Type: TABLE DATA; Schema: public; Owner: postgres
--

COPY public.django_migrations (id, app, name, applied) FROM stdin;
1	contenttypes	0001_initial	2026-05-24 14:35:15.148875+05:30
2	auth	0001_initial	2026-05-24 14:35:15.243408+05:30
3	admin	0001_initial	2026-05-24 14:35:15.26425+05:30
4	admin	0002_logentry_remove_auto_add	2026-05-24 14:35:15.271755+05:30
5	admin	0003_logentry_add_action_flag_choices	2026-05-24 14:35:15.278384+05:30
6	contenttypes	0002_remove_content_type_name	2026-05-24 14:35:15.299059+05:30
7	auth	0002_alter_permission_name_max_length	2026-05-24 14:35:15.306011+05:30
8	auth	0003_alter_user_email_max_length	2026-05-24 14:35:15.313793+05:30
9	auth	0004_alter_user_username_opts	2026-05-24 14:35:15.321544+05:30
10	auth	0005_alter_user_last_login_null	2026-05-24 14:35:15.329625+05:30
11	auth	0006_require_contenttypes_0002	2026-05-24 14:35:15.331601+05:30
12	auth	0007_alter_validators_add_error_messages	2026-05-24 14:35:15.338676+05:30
13	auth	0008_alter_user_username_max_length	2026-05-24 14:35:15.349528+05:30
14	auth	0009_alter_user_last_name_max_length	2026-05-24 14:35:15.356652+05:30
15	auth	0010_alter_group_name_max_length	2026-05-24 14:35:15.367779+05:30
16	auth	0011_update_proxy_permissions	2026-05-24 14:35:15.375366+05:30
17	auth	0012_alter_user_first_name_max_length	2026-05-24 14:35:15.383682+05:30
18	donations	0001_initial	2026-05-24 14:35:15.507286+05:30
19	donations	0002_restaurantprofile_district_restaurantprofile_pincode_and_more	2026-05-24 14:35:15.552525+05:30
20	donations	0003_alter_restaurantprofile_city_and_more	2026-05-24 14:35:15.591035+05:30
21	donations	0004_volunteerprofile_photo_aadhar	2026-05-24 14:35:15.622342+05:30
22	donations	0004_ngofoodrequest	2026-05-24 14:35:15.643141+05:30
23	donations	0005_merge_20260203_0026	2026-05-24 14:35:15.64426+05:30
24	donations	0006_alter_ngofoodrequest_options_and_more	2026-05-24 14:35:15.684349+05:30
25	donations	0007_pickuptask_ngo_request_alter_pickuptask_request	2026-05-24 14:35:15.727913+05:30
26	donations	0008_volunteerprofile_live_location_fields	2026-05-24 14:35:15.749117+05:30
27	donations	0009_pickuptask_delivered_to_ngo	2026-05-24 14:35:15.762051+05:30
28	donations	0010_pickuptask_delivery_otp_pickuptask_otp_verified	2026-05-24 14:35:15.789733+05:30
29	donations	0011_surplusfoodrequest_cooked_at_and_more	2026-05-24 14:35:15.821396+05:30
30	donations	0012_pickuptask_completed_at	2026-05-24 14:35:15.833321+05:30
31	donations	0013_dynamic_notification_radius	2026-05-24 14:35:15.996651+05:30
32	donations	0014_ngogalleryimage	2026-05-24 14:35:16.020093+05:30
33	donations	0015_volunteertrustflag_pickuptask_flag_reason_and_more	2026-05-24 14:35:16.181598+05:30
34	donations	0016_volunteerprofile_verification_status_and_more	2026-05-24 14:35:16.20667+05:30
35	donations	0017_pickuptask_delivered_at_and_more	2026-05-24 14:35:16.327825+05:30
36	donations	0018_ngogalleryimage_pickup_task_and_more	2026-05-24 14:35:16.358961+05:30
37	sessions	0001_initial	2026-05-24 14:35:16.369532+05:30
38	donations	0019_alter_ngogalleryimage_image_and_more	2026-05-24 14:52:40.225957+05:30
\.


--
-- Data for Name: django_session; Type: TABLE DATA; Schema: public; Owner: postgres
--

COPY public.django_session (session_key, session_data, expire_date) FROM stdin;
k5vgxpv9ajfhc8ihs0fhn0ukn5nz4uzj	.eJxVzMsKwjAQheF3mbWETEJuLt37DGGamdqqNJC0bsR3l0I33Z7_43yhS_tIy0OtK1wBQ9Da6JSMcgGNDxEukGlbp7x1aXnmHZ23gcpLlj3wk5ZHVaUua5sHtRN11K7uleV9O-zpYKI-wRW0sCHHyXtkMtFTsiOz0yZaJzFIcaNFCcJCHDUmRvLWYkmkyaKM8PsD5wVBmg:1wR4n4:6MIcF1I125D9PRMAm5SakDxD6GpPTib7Wqv9OjlVTUI	2026-06-07 14:36:34.168382+05:30
x2g78hhds640bdr854tligpzau5ob276	eyJzZXJ2ZXJfYm9vdCI6IjE3NzAwMjA5OTIuNTcxMjY3OCJ9:1waKUN:gkCC40pgD0eCB4b4TFfdXYJvRBkWWKqGW5XVaMlSF4s	2026-07-03 03:11:31.915487+05:30
ywa9iwxacue1nsh5twuj6pnlakx2ckpj	eyJzZXJ2ZXJfYm9vdCI6IjE3NzAwMjA5OTIuNTcxMjY3OCJ9:1waKUN:gkCC40pgD0eCB4b4TFfdXYJvRBkWWKqGW5XVaMlSF4s	2026-07-03 03:11:31.916629+05:30
\.


--
-- Data for Name: donations_donation; Type: TABLE DATA; Schema: public; Owner: postgres
--

COPY public.donations_donation (id, restaurant_name, food_type, quantity, city, date) FROM stdin;
\.


--
-- Data for Name: donations_donationnotificationlog; Type: TABLE DATA; Schema: public; Owner: postgres
--

COPY public.donations_donationnotificationlog (id, status, radius_km, distance_km, notified_at, responded_at, response_time_seconds, is_read, read_at, is_active, sms_provider_response, debug_context, donation_id, ngo_id) FROM stdin;
\.


--
-- Data for Name: donations_ngofoodrequest; Type: TABLE DATA; Schema: public; Owner: postgres
--

COPY public.donations_ngofoodrequest (id, food_type, quantity, "timestamp", fulfilled, ngo_id, accepted_by_id) FROM stdin;
\.


--
-- Data for Name: donations_ngogalleryimage; Type: TABLE DATA; Schema: public; Owner: postgres
--

COPY public.donations_ngogalleryimage (id, image, caption, created_at, ngo_id, pickup_task_id) FROM stdin;
\.


--
-- Data for Name: donations_ngoprofile; Type: TABLE DATA; Schema: public; Owner: postgres
--

COPY public.donations_ngoprofile (id, name, contact_person, phone, address, city, user_id, current_lat, current_lng, priority_score) FROM stdin;
\.


--
-- Data for Name: donations_pickuptask; Type: TABLE DATA; Schema: public; Owner: postgres
--

COPY public.donations_pickuptask (id, assigned_at, completed, request_id, assigned_to_id, ngo_request_id, delivered_to_ngo, delivery_otp, otp_verified, completed_at, flag_reason, flagged_at, status, delivered_at, delivery_proof_image, ngo_confirmed_at, proof_uploaded_at, transparency_status) FROM stdin;
\.


--
-- Data for Name: donations_restaurantprofile; Type: TABLE DATA; Schema: public; Owner: postgres
--

COPY public.donations_restaurantprofile (id, business_name, contact_person, phone, city, address, user_id, district, pincode, state) FROM stdin;
1	aminia	rohan	1092395943	Kolkata	138c, Ashutosh Mukherjee Road	1	\N	\N	\N
\.


--
-- Data for Name: donations_surplusfoodrequest; Type: TABLE DATA; Schema: public; Owner: postgres
--

COPY public.donations_surplusfoodrequest (id, food_type, quantity, "timestamp", is_picked, restaurant_id, cooked_at, expiry_at, safety_notes, storage_type, accepted_by_ngo_id, archived_at, current_radius_km, donation_status, expiry_reason, last_radius_expansion_at, ngos_notified_at, notification_debug, notified_ngo_ids, posted_at, restaurant_lat, restaurant_lng) FROM stdin;
\.


--
-- Data for Name: donations_userrole; Type: TABLE DATA; Schema: public; Owner: postgres
--

COPY public.donations_userrole (id, role, user_id) FROM stdin;
1	restaurant	1
\.


--
-- Data for Name: donations_volunteerprofile; Type: TABLE DATA; Schema: public; Owner: postgres
--

COPY public.donations_volunteerprofile (id, full_name, phone, area, is_available, user_id, profile_photo, aadhar_card, aadhar_verified, current_lat, current_lng, location_updated_at, blocked_at, flag_count, is_blocked, verification_status, verified_at, failed_deliveries, ngo_confirmations, successful_deliveries, suspicious_deliveries, trust_score) FROM stdin;
\.


--
-- Data for Name: donations_volunteertrustflag; Type: TABLE DATA; Schema: public; Owner: postgres
--

COPY public.donations_volunteertrustflag (id, reason, flagged_at, pickup_task_id, volunteer_id) FROM stdin;
\.


--
-- Data for Name: donations_volunteertrustscorelog; Type: TABLE DATA; Schema: public; Owner: postgres
--

COPY public.donations_volunteertrustscorelog (id, score_change, reason, created_at, pickup_task_id, volunteer_id) FROM stdin;
\.


--
-- Name: auth_group_id_seq; Type: SEQUENCE SET; Schema: public; Owner: postgres
--

SELECT pg_catalog.setval('public.auth_group_id_seq', 1, false);


--
-- Name: auth_group_permissions_id_seq; Type: SEQUENCE SET; Schema: public; Owner: postgres
--

SELECT pg_catalog.setval('public.auth_group_permissions_id_seq', 1, false);


--
-- Name: auth_permission_id_seq; Type: SEQUENCE SET; Schema: public; Owner: postgres
--

SELECT pg_catalog.setval('public.auth_permission_id_seq', 72, true);


--
-- Name: auth_user_groups_id_seq; Type: SEQUENCE SET; Schema: public; Owner: postgres
--

SELECT pg_catalog.setval('public.auth_user_groups_id_seq', 1, false);


--
-- Name: auth_user_id_seq; Type: SEQUENCE SET; Schema: public; Owner: postgres
--

SELECT pg_catalog.setval('public.auth_user_id_seq', 1, true);


--
-- Name: auth_user_user_permissions_id_seq; Type: SEQUENCE SET; Schema: public; Owner: postgres
--

SELECT pg_catalog.setval('public.auth_user_user_permissions_id_seq', 1, false);


--
-- Name: django_admin_log_id_seq; Type: SEQUENCE SET; Schema: public; Owner: postgres
--

SELECT pg_catalog.setval('public.django_admin_log_id_seq', 1, false);


--
-- Name: django_content_type_id_seq; Type: SEQUENCE SET; Schema: public; Owner: postgres
--

SELECT pg_catalog.setval('public.django_content_type_id_seq', 18, true);


--
-- Name: django_migrations_id_seq; Type: SEQUENCE SET; Schema: public; Owner: postgres
--

SELECT pg_catalog.setval('public.django_migrations_id_seq', 38, true);


--
-- Name: donations_donation_id_seq; Type: SEQUENCE SET; Schema: public; Owner: postgres
--

SELECT pg_catalog.setval('public.donations_donation_id_seq', 1, false);


--
-- Name: donations_donationnotificationlog_id_seq; Type: SEQUENCE SET; Schema: public; Owner: postgres
--

SELECT pg_catalog.setval('public.donations_donationnotificationlog_id_seq', 1, false);


--
-- Name: donations_ngofoodrequest_id_seq; Type: SEQUENCE SET; Schema: public; Owner: postgres
--

SELECT pg_catalog.setval('public.donations_ngofoodrequest_id_seq', 1, false);


--
-- Name: donations_ngogalleryimage_id_seq; Type: SEQUENCE SET; Schema: public; Owner: postgres
--

SELECT pg_catalog.setval('public.donations_ngogalleryimage_id_seq', 1, false);


--
-- Name: donations_ngoprofile_id_seq; Type: SEQUENCE SET; Schema: public; Owner: postgres
--

SELECT pg_catalog.setval('public.donations_ngoprofile_id_seq', 1, false);


--
-- Name: donations_pickuptask_id_seq; Type: SEQUENCE SET; Schema: public; Owner: postgres
--

SELECT pg_catalog.setval('public.donations_pickuptask_id_seq', 1, false);


--
-- Name: donations_restaurantprofile_id_seq; Type: SEQUENCE SET; Schema: public; Owner: postgres
--

SELECT pg_catalog.setval('public.donations_restaurantprofile_id_seq', 1, true);


--
-- Name: donations_surplusfoodrequest_id_seq; Type: SEQUENCE SET; Schema: public; Owner: postgres
--

SELECT pg_catalog.setval('public.donations_surplusfoodrequest_id_seq', 1, false);


--
-- Name: donations_userrole_id_seq; Type: SEQUENCE SET; Schema: public; Owner: postgres
--

SELECT pg_catalog.setval('public.donations_userrole_id_seq', 1, true);


--
-- Name: donations_volunteerprofile_id_seq; Type: SEQUENCE SET; Schema: public; Owner: postgres
--

SELECT pg_catalog.setval('public.donations_volunteerprofile_id_seq', 1, false);


--
-- Name: donations_volunteertrustflag_id_seq; Type: SEQUENCE SET; Schema: public; Owner: postgres
--

SELECT pg_catalog.setval('public.donations_volunteertrustflag_id_seq', 1, false);


--
-- Name: donations_volunteertrustscorelog_id_seq; Type: SEQUENCE SET; Schema: public; Owner: postgres
--

SELECT pg_catalog.setval('public.donations_volunteertrustscorelog_id_seq', 1, false);


--
-- Name: auth_group auth_group_name_key; Type: CONSTRAINT; Schema: public; Owner: postgres
--

ALTER TABLE ONLY public.auth_group
    ADD CONSTRAINT auth_group_name_key UNIQUE (name);


--
-- Name: auth_group_permissions auth_group_permissions_group_id_permission_id_0cd325b0_uniq; Type: CONSTRAINT; Schema: public; Owner: postgres
--

ALTER TABLE ONLY public.auth_group_permissions
    ADD CONSTRAINT auth_group_permissions_group_id_permission_id_0cd325b0_uniq UNIQUE (group_id, permission_id);


--
-- Name: auth_group_permissions auth_group_permissions_pkey; Type: CONSTRAINT; Schema: public; Owner: postgres
--

ALTER TABLE ONLY public.auth_group_permissions
    ADD CONSTRAINT auth_group_permissions_pkey PRIMARY KEY (id);


--
-- Name: auth_group auth_group_pkey; Type: CONSTRAINT; Schema: public; Owner: postgres
--

ALTER TABLE ONLY public.auth_group
    ADD CONSTRAINT auth_group_pkey PRIMARY KEY (id);


--
-- Name: auth_permission auth_permission_content_type_id_codename_01ab375a_uniq; Type: CONSTRAINT; Schema: public; Owner: postgres
--

ALTER TABLE ONLY public.auth_permission
    ADD CONSTRAINT auth_permission_content_type_id_codename_01ab375a_uniq UNIQUE (content_type_id, codename);


--
-- Name: auth_permission auth_permission_pkey; Type: CONSTRAINT; Schema: public; Owner: postgres
--

ALTER TABLE ONLY public.auth_permission
    ADD CONSTRAINT auth_permission_pkey PRIMARY KEY (id);


--
-- Name: auth_user_groups auth_user_groups_pkey; Type: CONSTRAINT; Schema: public; Owner: postgres
--

ALTER TABLE ONLY public.auth_user_groups
    ADD CONSTRAINT auth_user_groups_pkey PRIMARY KEY (id);


--
-- Name: auth_user_groups auth_user_groups_user_id_group_id_94350c0c_uniq; Type: CONSTRAINT; Schema: public; Owner: postgres
--

ALTER TABLE ONLY public.auth_user_groups
    ADD CONSTRAINT auth_user_groups_user_id_group_id_94350c0c_uniq UNIQUE (user_id, group_id);


--
-- Name: auth_user auth_user_pkey; Type: CONSTRAINT; Schema: public; Owner: postgres
--

ALTER TABLE ONLY public.auth_user
    ADD CONSTRAINT auth_user_pkey PRIMARY KEY (id);


--
-- Name: auth_user_user_permissions auth_user_user_permissions_pkey; Type: CONSTRAINT; Schema: public; Owner: postgres
--

ALTER TABLE ONLY public.auth_user_user_permissions
    ADD CONSTRAINT auth_user_user_permissions_pkey PRIMARY KEY (id);


--
-- Name: auth_user_user_permissions auth_user_user_permissions_user_id_permission_id_14a6b632_uniq; Type: CONSTRAINT; Schema: public; Owner: postgres
--

ALTER TABLE ONLY public.auth_user_user_permissions
    ADD CONSTRAINT auth_user_user_permissions_user_id_permission_id_14a6b632_uniq UNIQUE (user_id, permission_id);


--
-- Name: auth_user auth_user_username_key; Type: CONSTRAINT; Schema: public; Owner: postgres
--

ALTER TABLE ONLY public.auth_user
    ADD CONSTRAINT auth_user_username_key UNIQUE (username);


--
-- Name: django_admin_log django_admin_log_pkey; Type: CONSTRAINT; Schema: public; Owner: postgres
--

ALTER TABLE ONLY public.django_admin_log
    ADD CONSTRAINT django_admin_log_pkey PRIMARY KEY (id);


--
-- Name: django_content_type django_content_type_app_label_model_76bd3d3b_uniq; Type: CONSTRAINT; Schema: public; Owner: postgres
--

ALTER TABLE ONLY public.django_content_type
    ADD CONSTRAINT django_content_type_app_label_model_76bd3d3b_uniq UNIQUE (app_label, model);


--
-- Name: django_content_type django_content_type_pkey; Type: CONSTRAINT; Schema: public; Owner: postgres
--

ALTER TABLE ONLY public.django_content_type
    ADD CONSTRAINT django_content_type_pkey PRIMARY KEY (id);


--
-- Name: django_migrations django_migrations_pkey; Type: CONSTRAINT; Schema: public; Owner: postgres
--

ALTER TABLE ONLY public.django_migrations
    ADD CONSTRAINT django_migrations_pkey PRIMARY KEY (id);


--
-- Name: django_session django_session_pkey; Type: CONSTRAINT; Schema: public; Owner: postgres
--

ALTER TABLE ONLY public.django_session
    ADD CONSTRAINT django_session_pkey PRIMARY KEY (session_key);


--
-- Name: donations_donation donations_donation_pkey; Type: CONSTRAINT; Schema: public; Owner: postgres
--

ALTER TABLE ONLY public.donations_donation
    ADD CONSTRAINT donations_donation_pkey PRIMARY KEY (id);


--
-- Name: donations_donationnotificationlog donations_donationnotificationlog_pkey; Type: CONSTRAINT; Schema: public; Owner: postgres
--

ALTER TABLE ONLY public.donations_donationnotificationlog
    ADD CONSTRAINT donations_donationnotificationlog_pkey PRIMARY KEY (id);


--
-- Name: donations_ngofoodrequest donations_ngofoodrequest_pkey; Type: CONSTRAINT; Schema: public; Owner: postgres
--

ALTER TABLE ONLY public.donations_ngofoodrequest
    ADD CONSTRAINT donations_ngofoodrequest_pkey PRIMARY KEY (id);


--
-- Name: donations_ngogalleryimage donations_ngogalleryimage_pkey; Type: CONSTRAINT; Schema: public; Owner: postgres
--

ALTER TABLE ONLY public.donations_ngogalleryimage
    ADD CONSTRAINT donations_ngogalleryimage_pkey PRIMARY KEY (id);


--
-- Name: donations_ngoprofile donations_ngoprofile_phone_key; Type: CONSTRAINT; Schema: public; Owner: postgres
--

ALTER TABLE ONLY public.donations_ngoprofile
    ADD CONSTRAINT donations_ngoprofile_phone_key UNIQUE (phone);


--
-- Name: donations_ngoprofile donations_ngoprofile_pkey; Type: CONSTRAINT; Schema: public; Owner: postgres
--

ALTER TABLE ONLY public.donations_ngoprofile
    ADD CONSTRAINT donations_ngoprofile_pkey PRIMARY KEY (id);


--
-- Name: donations_ngoprofile donations_ngoprofile_user_id_key; Type: CONSTRAINT; Schema: public; Owner: postgres
--

ALTER TABLE ONLY public.donations_ngoprofile
    ADD CONSTRAINT donations_ngoprofile_user_id_key UNIQUE (user_id);


--
-- Name: donations_pickuptask donations_pickuptask_pkey; Type: CONSTRAINT; Schema: public; Owner: postgres
--

ALTER TABLE ONLY public.donations_pickuptask
    ADD CONSTRAINT donations_pickuptask_pkey PRIMARY KEY (id);


--
-- Name: donations_restaurantprofile donations_restaurantprofile_phone_key; Type: CONSTRAINT; Schema: public; Owner: postgres
--

ALTER TABLE ONLY public.donations_restaurantprofile
    ADD CONSTRAINT donations_restaurantprofile_phone_key UNIQUE (phone);


--
-- Name: donations_restaurantprofile donations_restaurantprofile_pkey; Type: CONSTRAINT; Schema: public; Owner: postgres
--

ALTER TABLE ONLY public.donations_restaurantprofile
    ADD CONSTRAINT donations_restaurantprofile_pkey PRIMARY KEY (id);


--
-- Name: donations_restaurantprofile donations_restaurantprofile_user_id_key; Type: CONSTRAINT; Schema: public; Owner: postgres
--

ALTER TABLE ONLY public.donations_restaurantprofile
    ADD CONSTRAINT donations_restaurantprofile_user_id_key UNIQUE (user_id);


--
-- Name: donations_surplusfoodrequest donations_surplusfoodrequest_pkey; Type: CONSTRAINT; Schema: public; Owner: postgres
--

ALTER TABLE ONLY public.donations_surplusfoodrequest
    ADD CONSTRAINT donations_surplusfoodrequest_pkey PRIMARY KEY (id);


--
-- Name: donations_userrole donations_userrole_pkey; Type: CONSTRAINT; Schema: public; Owner: postgres
--

ALTER TABLE ONLY public.donations_userrole
    ADD CONSTRAINT donations_userrole_pkey PRIMARY KEY (id);


--
-- Name: donations_userrole donations_userrole_user_id_key; Type: CONSTRAINT; Schema: public; Owner: postgres
--

ALTER TABLE ONLY public.donations_userrole
    ADD CONSTRAINT donations_userrole_user_id_key UNIQUE (user_id);


--
-- Name: donations_volunteerprofile donations_volunteerprofile_aadhar_card_key; Type: CONSTRAINT; Schema: public; Owner: postgres
--

ALTER TABLE ONLY public.donations_volunteerprofile
    ADD CONSTRAINT donations_volunteerprofile_aadhar_card_key UNIQUE (aadhar_card);


--
-- Name: donations_volunteerprofile donations_volunteerprofile_phone_key; Type: CONSTRAINT; Schema: public; Owner: postgres
--

ALTER TABLE ONLY public.donations_volunteerprofile
    ADD CONSTRAINT donations_volunteerprofile_phone_key UNIQUE (phone);


--
-- Name: donations_volunteerprofile donations_volunteerprofile_pkey; Type: CONSTRAINT; Schema: public; Owner: postgres
--

ALTER TABLE ONLY public.donations_volunteerprofile
    ADD CONSTRAINT donations_volunteerprofile_pkey PRIMARY KEY (id);


--
-- Name: donations_volunteerprofile donations_volunteerprofile_user_id_key; Type: CONSTRAINT; Schema: public; Owner: postgres
--

ALTER TABLE ONLY public.donations_volunteerprofile
    ADD CONSTRAINT donations_volunteerprofile_user_id_key UNIQUE (user_id);


--
-- Name: donations_volunteertrustflag donations_volunteertrustflag_pickup_task_id_key; Type: CONSTRAINT; Schema: public; Owner: postgres
--

ALTER TABLE ONLY public.donations_volunteertrustflag
    ADD CONSTRAINT donations_volunteertrustflag_pickup_task_id_key UNIQUE (pickup_task_id);


--
-- Name: donations_volunteertrustflag donations_volunteertrustflag_pkey; Type: CONSTRAINT; Schema: public; Owner: postgres
--

ALTER TABLE ONLY public.donations_volunteertrustflag
    ADD CONSTRAINT donations_volunteertrustflag_pkey PRIMARY KEY (id);


--
-- Name: donations_volunteertrustscorelog donations_volunteertrustscorelog_pkey; Type: CONSTRAINT; Schema: public; Owner: postgres
--

ALTER TABLE ONLY public.donations_volunteertrustscorelog
    ADD CONSTRAINT donations_volunteertrustscorelog_pkey PRIMARY KEY (id);


--
-- Name: donations_donationnotificationlog unique_donation_notification_per_ngo; Type: CONSTRAINT; Schema: public; Owner: postgres
--

ALTER TABLE ONLY public.donations_donationnotificationlog
    ADD CONSTRAINT unique_donation_notification_per_ngo UNIQUE (donation_id, ngo_id);


--
-- Name: auth_group_name_a6ea08ec_like; Type: INDEX; Schema: public; Owner: postgres
--

CREATE INDEX auth_group_name_a6ea08ec_like ON public.auth_group USING btree (name varchar_pattern_ops);


--
-- Name: auth_group_permissions_group_id_b120cbf9; Type: INDEX; Schema: public; Owner: postgres
--

CREATE INDEX auth_group_permissions_group_id_b120cbf9 ON public.auth_group_permissions USING btree (group_id);


--
-- Name: auth_group_permissions_permission_id_84c5c92e; Type: INDEX; Schema: public; Owner: postgres
--

CREATE INDEX auth_group_permissions_permission_id_84c5c92e ON public.auth_group_permissions USING btree (permission_id);


--
-- Name: auth_permission_content_type_id_2f476e4b; Type: INDEX; Schema: public; Owner: postgres
--

CREATE INDEX auth_permission_content_type_id_2f476e4b ON public.auth_permission USING btree (content_type_id);


--
-- Name: auth_user_groups_group_id_97559544; Type: INDEX; Schema: public; Owner: postgres
--

CREATE INDEX auth_user_groups_group_id_97559544 ON public.auth_user_groups USING btree (group_id);


--
-- Name: auth_user_groups_user_id_6a12ed8b; Type: INDEX; Schema: public; Owner: postgres
--

CREATE INDEX auth_user_groups_user_id_6a12ed8b ON public.auth_user_groups USING btree (user_id);


--
-- Name: auth_user_user_permissions_permission_id_1fbb5f2c; Type: INDEX; Schema: public; Owner: postgres
--

CREATE INDEX auth_user_user_permissions_permission_id_1fbb5f2c ON public.auth_user_user_permissions USING btree (permission_id);


--
-- Name: auth_user_user_permissions_user_id_a95ead1b; Type: INDEX; Schema: public; Owner: postgres
--

CREATE INDEX auth_user_user_permissions_user_id_a95ead1b ON public.auth_user_user_permissions USING btree (user_id);


--
-- Name: auth_user_username_6821ab7c_like; Type: INDEX; Schema: public; Owner: postgres
--

CREATE INDEX auth_user_username_6821ab7c_like ON public.auth_user USING btree (username varchar_pattern_ops);


--
-- Name: django_admin_log_content_type_id_c4bce8eb; Type: INDEX; Schema: public; Owner: postgres
--

CREATE INDEX django_admin_log_content_type_id_c4bce8eb ON public.django_admin_log USING btree (content_type_id);


--
-- Name: django_admin_log_user_id_c564eba6; Type: INDEX; Schema: public; Owner: postgres
--

CREATE INDEX django_admin_log_user_id_c564eba6 ON public.django_admin_log USING btree (user_id);


--
-- Name: django_session_expire_date_a5c62663; Type: INDEX; Schema: public; Owner: postgres
--

CREATE INDEX django_session_expire_date_a5c62663 ON public.django_session USING btree (expire_date);


--
-- Name: django_session_session_key_c0390e0f_like; Type: INDEX; Schema: public; Owner: postgres
--

CREATE INDEX django_session_session_key_c0390e0f_like ON public.django_session USING btree (session_key varchar_pattern_ops);


--
-- Name: donations_d_donatio_67820a_idx; Type: INDEX; Schema: public; Owner: postgres
--

CREATE INDEX donations_d_donatio_67820a_idx ON public.donations_donationnotificationlog USING btree (donation_id, status);


--
-- Name: donations_d_ngo_id_531e51_idx; Type: INDEX; Schema: public; Owner: postgres
--

CREATE INDEX donations_d_ngo_id_531e51_idx ON public.donations_donationnotificationlog USING btree (ngo_id, status);


--
-- Name: donations_d_ngo_id_9af8c2_idx; Type: INDEX; Schema: public; Owner: postgres
--

CREATE INDEX donations_d_ngo_id_9af8c2_idx ON public.donations_donationnotificationlog USING btree (ngo_id, is_active, is_read);


--
-- Name: donations_donationnotificationlog_donation_id_f404d20e; Type: INDEX; Schema: public; Owner: postgres
--

CREATE INDEX donations_donationnotificationlog_donation_id_f404d20e ON public.donations_donationnotificationlog USING btree (donation_id);


--
-- Name: donations_donationnotificationlog_ngo_id_8971cc24; Type: INDEX; Schema: public; Owner: postgres
--

CREATE INDEX donations_donationnotificationlog_ngo_id_8971cc24 ON public.donations_donationnotificationlog USING btree (ngo_id);


--
-- Name: donations_n_ngo_id_9fd543_idx; Type: INDEX; Schema: public; Owner: postgres
--

CREATE INDEX donations_n_ngo_id_9fd543_idx ON public.donations_ngogalleryimage USING btree (ngo_id, created_at DESC);


--
-- Name: donations_ngofoodrequest_accepted_by_id_57b7f352; Type: INDEX; Schema: public; Owner: postgres
--

CREATE INDEX donations_ngofoodrequest_accepted_by_id_57b7f352 ON public.donations_ngofoodrequest USING btree (accepted_by_id);


--
-- Name: donations_ngofoodrequest_ngo_id_1c022050; Type: INDEX; Schema: public; Owner: postgres
--

CREATE INDEX donations_ngofoodrequest_ngo_id_1c022050 ON public.donations_ngofoodrequest USING btree (ngo_id);


--
-- Name: donations_ngogalleryimage_ngo_id_83e7dc8a; Type: INDEX; Schema: public; Owner: postgres
--

CREATE INDEX donations_ngogalleryimage_ngo_id_83e7dc8a ON public.donations_ngogalleryimage USING btree (ngo_id);


--
-- Name: donations_ngogalleryimage_pickup_task_id_465e9fdc; Type: INDEX; Schema: public; Owner: postgres
--

CREATE INDEX donations_ngogalleryimage_pickup_task_id_465e9fdc ON public.donations_ngogalleryimage USING btree (pickup_task_id);


--
-- Name: donations_ngoprofile_phone_2c683330_like; Type: INDEX; Schema: public; Owner: postgres
--

CREATE INDEX donations_ngoprofile_phone_2c683330_like ON public.donations_ngoprofile USING btree (phone varchar_pattern_ops);


--
-- Name: donations_p_assigne_650178_idx; Type: INDEX; Schema: public; Owner: postgres
--

CREATE INDEX donations_p_assigne_650178_idx ON public.donations_pickuptask USING btree (assigned_to_id, status);


--
-- Name: donations_p_status_170486_idx; Type: INDEX; Schema: public; Owner: postgres
--

CREATE INDEX donations_p_status_170486_idx ON public.donations_pickuptask USING btree (status, assigned_at);


--
-- Name: donations_pickuptask_assigned_to_id_7df7c64d; Type: INDEX; Schema: public; Owner: postgres
--

CREATE INDEX donations_pickuptask_assigned_to_id_7df7c64d ON public.donations_pickuptask USING btree (assigned_to_id);


--
-- Name: donations_pickuptask_ngo_request_id_4dd028b1; Type: INDEX; Schema: public; Owner: postgres
--

CREATE INDEX donations_pickuptask_ngo_request_id_4dd028b1 ON public.donations_pickuptask USING btree (ngo_request_id);


--
-- Name: donations_pickuptask_request_id_fcd12bcb; Type: INDEX; Schema: public; Owner: postgres
--

CREATE INDEX donations_pickuptask_request_id_fcd12bcb ON public.donations_pickuptask USING btree (request_id);


--
-- Name: donations_restaurantprofile_phone_2f70aaca_like; Type: INDEX; Schema: public; Owner: postgres
--

CREATE INDEX donations_restaurantprofile_phone_2f70aaca_like ON public.donations_restaurantprofile USING btree (phone varchar_pattern_ops);


--
-- Name: donations_s_donatio_b64344_idx; Type: INDEX; Schema: public; Owner: postgres
--

CREATE INDEX donations_s_donatio_b64344_idx ON public.donations_surplusfoodrequest USING btree (donation_status, expiry_at);


--
-- Name: donations_s_restaur_8dcc58_idx; Type: INDEX; Schema: public; Owner: postgres
--

CREATE INDEX donations_s_restaur_8dcc58_idx ON public.donations_surplusfoodrequest USING btree (restaurant_id, donation_status);


--
-- Name: donations_surplusfoodrequest_accepted_by_ngo_id_e75befcc; Type: INDEX; Schema: public; Owner: postgres
--

CREATE INDEX donations_surplusfoodrequest_accepted_by_ngo_id_e75befcc ON public.donations_surplusfoodrequest USING btree (accepted_by_ngo_id);


--
-- Name: donations_surplusfoodrequest_restaurant_id_f2b605a6; Type: INDEX; Schema: public; Owner: postgres
--

CREATE INDEX donations_surplusfoodrequest_restaurant_id_f2b605a6 ON public.donations_surplusfoodrequest USING btree (restaurant_id);


--
-- Name: donations_v_volunte_1a69bf_idx; Type: INDEX; Schema: public; Owner: postgres
--

CREATE INDEX donations_v_volunte_1a69bf_idx ON public.donations_volunteertrustscorelog USING btree (volunteer_id, created_at);


--
-- Name: donations_v_volunte_7ac0b7_idx; Type: INDEX; Schema: public; Owner: postgres
--

CREATE INDEX donations_v_volunte_7ac0b7_idx ON public.donations_volunteertrustflag USING btree (volunteer_id, flagged_at);


--
-- Name: donations_volunteerprofile_aadhar_card_bc768c56_like; Type: INDEX; Schema: public; Owner: postgres
--

CREATE INDEX donations_volunteerprofile_aadhar_card_bc768c56_like ON public.donations_volunteerprofile USING btree (aadhar_card varchar_pattern_ops);


--
-- Name: donations_volunteerprofile_phone_eb14cdc4_like; Type: INDEX; Schema: public; Owner: postgres
--

CREATE INDEX donations_volunteerprofile_phone_eb14cdc4_like ON public.donations_volunteerprofile USING btree (phone varchar_pattern_ops);


--
-- Name: donations_volunteertrustflag_volunteer_id_a94f2191; Type: INDEX; Schema: public; Owner: postgres
--

CREATE INDEX donations_volunteertrustflag_volunteer_id_a94f2191 ON public.donations_volunteertrustflag USING btree (volunteer_id);


--
-- Name: donations_volunteertrustscorelog_pickup_task_id_3edcf20f; Type: INDEX; Schema: public; Owner: postgres
--

CREATE INDEX donations_volunteertrustscorelog_pickup_task_id_3edcf20f ON public.donations_volunteertrustscorelog USING btree (pickup_task_id);


--
-- Name: donations_volunteertrustscorelog_volunteer_id_61370074; Type: INDEX; Schema: public; Owner: postgres
--

CREATE INDEX donations_volunteertrustscorelog_volunteer_id_61370074 ON public.donations_volunteertrustscorelog USING btree (volunteer_id);


--
-- Name: auth_group_permissions auth_group_permissio_permission_id_84c5c92e_fk_auth_perm; Type: FK CONSTRAINT; Schema: public; Owner: postgres
--

ALTER TABLE ONLY public.auth_group_permissions
    ADD CONSTRAINT auth_group_permissio_permission_id_84c5c92e_fk_auth_perm FOREIGN KEY (permission_id) REFERENCES public.auth_permission(id) DEFERRABLE INITIALLY DEFERRED;


--
-- Name: auth_group_permissions auth_group_permissions_group_id_b120cbf9_fk_auth_group_id; Type: FK CONSTRAINT; Schema: public; Owner: postgres
--

ALTER TABLE ONLY public.auth_group_permissions
    ADD CONSTRAINT auth_group_permissions_group_id_b120cbf9_fk_auth_group_id FOREIGN KEY (group_id) REFERENCES public.auth_group(id) DEFERRABLE INITIALLY DEFERRED;


--
-- Name: auth_permission auth_permission_content_type_id_2f476e4b_fk_django_co; Type: FK CONSTRAINT; Schema: public; Owner: postgres
--

ALTER TABLE ONLY public.auth_permission
    ADD CONSTRAINT auth_permission_content_type_id_2f476e4b_fk_django_co FOREIGN KEY (content_type_id) REFERENCES public.django_content_type(id) DEFERRABLE INITIALLY DEFERRED;


--
-- Name: auth_user_groups auth_user_groups_group_id_97559544_fk_auth_group_id; Type: FK CONSTRAINT; Schema: public; Owner: postgres
--

ALTER TABLE ONLY public.auth_user_groups
    ADD CONSTRAINT auth_user_groups_group_id_97559544_fk_auth_group_id FOREIGN KEY (group_id) REFERENCES public.auth_group(id) DEFERRABLE INITIALLY DEFERRED;


--
-- Name: auth_user_groups auth_user_groups_user_id_6a12ed8b_fk_auth_user_id; Type: FK CONSTRAINT; Schema: public; Owner: postgres
--

ALTER TABLE ONLY public.auth_user_groups
    ADD CONSTRAINT auth_user_groups_user_id_6a12ed8b_fk_auth_user_id FOREIGN KEY (user_id) REFERENCES public.auth_user(id) DEFERRABLE INITIALLY DEFERRED;


--
-- Name: auth_user_user_permissions auth_user_user_permi_permission_id_1fbb5f2c_fk_auth_perm; Type: FK CONSTRAINT; Schema: public; Owner: postgres
--

ALTER TABLE ONLY public.auth_user_user_permissions
    ADD CONSTRAINT auth_user_user_permi_permission_id_1fbb5f2c_fk_auth_perm FOREIGN KEY (permission_id) REFERENCES public.auth_permission(id) DEFERRABLE INITIALLY DEFERRED;


--
-- Name: auth_user_user_permissions auth_user_user_permissions_user_id_a95ead1b_fk_auth_user_id; Type: FK CONSTRAINT; Schema: public; Owner: postgres
--

ALTER TABLE ONLY public.auth_user_user_permissions
    ADD CONSTRAINT auth_user_user_permissions_user_id_a95ead1b_fk_auth_user_id FOREIGN KEY (user_id) REFERENCES public.auth_user(id) DEFERRABLE INITIALLY DEFERRED;


--
-- Name: django_admin_log django_admin_log_content_type_id_c4bce8eb_fk_django_co; Type: FK CONSTRAINT; Schema: public; Owner: postgres
--

ALTER TABLE ONLY public.django_admin_log
    ADD CONSTRAINT django_admin_log_content_type_id_c4bce8eb_fk_django_co FOREIGN KEY (content_type_id) REFERENCES public.django_content_type(id) DEFERRABLE INITIALLY DEFERRED;


--
-- Name: django_admin_log django_admin_log_user_id_c564eba6_fk_auth_user_id; Type: FK CONSTRAINT; Schema: public; Owner: postgres
--

ALTER TABLE ONLY public.django_admin_log
    ADD CONSTRAINT django_admin_log_user_id_c564eba6_fk_auth_user_id FOREIGN KEY (user_id) REFERENCES public.auth_user(id) DEFERRABLE INITIALLY DEFERRED;


--
-- Name: donations_donationnotificationlog donations_donationno_donation_id_f404d20e_fk_donations; Type: FK CONSTRAINT; Schema: public; Owner: postgres
--

ALTER TABLE ONLY public.donations_donationnotificationlog
    ADD CONSTRAINT donations_donationno_donation_id_f404d20e_fk_donations FOREIGN KEY (donation_id) REFERENCES public.donations_surplusfoodrequest(id) DEFERRABLE INITIALLY DEFERRED;


--
-- Name: donations_donationnotificationlog donations_donationno_ngo_id_8971cc24_fk_donations; Type: FK CONSTRAINT; Schema: public; Owner: postgres
--

ALTER TABLE ONLY public.donations_donationnotificationlog
    ADD CONSTRAINT donations_donationno_ngo_id_8971cc24_fk_donations FOREIGN KEY (ngo_id) REFERENCES public.donations_ngoprofile(id) DEFERRABLE INITIALLY DEFERRED;


--
-- Name: donations_ngofoodrequest donations_ngofoodreq_accepted_by_id_57b7f352_fk_donations; Type: FK CONSTRAINT; Schema: public; Owner: postgres
--

ALTER TABLE ONLY public.donations_ngofoodrequest
    ADD CONSTRAINT donations_ngofoodreq_accepted_by_id_57b7f352_fk_donations FOREIGN KEY (accepted_by_id) REFERENCES public.donations_restaurantprofile(id) DEFERRABLE INITIALLY DEFERRED;


--
-- Name: donations_ngofoodrequest donations_ngofoodreq_ngo_id_1c022050_fk_donations; Type: FK CONSTRAINT; Schema: public; Owner: postgres
--

ALTER TABLE ONLY public.donations_ngofoodrequest
    ADD CONSTRAINT donations_ngofoodreq_ngo_id_1c022050_fk_donations FOREIGN KEY (ngo_id) REFERENCES public.donations_ngoprofile(id) DEFERRABLE INITIALLY DEFERRED;


--
-- Name: donations_ngogalleryimage donations_ngogallery_ngo_id_83e7dc8a_fk_donations; Type: FK CONSTRAINT; Schema: public; Owner: postgres
--

ALTER TABLE ONLY public.donations_ngogalleryimage
    ADD CONSTRAINT donations_ngogallery_ngo_id_83e7dc8a_fk_donations FOREIGN KEY (ngo_id) REFERENCES public.donations_ngoprofile(id) DEFERRABLE INITIALLY DEFERRED;


--
-- Name: donations_ngogalleryimage donations_ngogallery_pickup_task_id_465e9fdc_fk_donations; Type: FK CONSTRAINT; Schema: public; Owner: postgres
--

ALTER TABLE ONLY public.donations_ngogalleryimage
    ADD CONSTRAINT donations_ngogallery_pickup_task_id_465e9fdc_fk_donations FOREIGN KEY (pickup_task_id) REFERENCES public.donations_pickuptask(id) DEFERRABLE INITIALLY DEFERRED;


--
-- Name: donations_ngoprofile donations_ngoprofile_user_id_14757e1d_fk_auth_user_id; Type: FK CONSTRAINT; Schema: public; Owner: postgres
--

ALTER TABLE ONLY public.donations_ngoprofile
    ADD CONSTRAINT donations_ngoprofile_user_id_14757e1d_fk_auth_user_id FOREIGN KEY (user_id) REFERENCES public.auth_user(id) DEFERRABLE INITIALLY DEFERRED;


--
-- Name: donations_pickuptask donations_pickuptask_assigned_to_id_7df7c64d_fk_donations; Type: FK CONSTRAINT; Schema: public; Owner: postgres
--

ALTER TABLE ONLY public.donations_pickuptask
    ADD CONSTRAINT donations_pickuptask_assigned_to_id_7df7c64d_fk_donations FOREIGN KEY (assigned_to_id) REFERENCES public.donations_volunteerprofile(id) DEFERRABLE INITIALLY DEFERRED;


--
-- Name: donations_pickuptask donations_pickuptask_ngo_request_id_4dd028b1_fk_donations; Type: FK CONSTRAINT; Schema: public; Owner: postgres
--

ALTER TABLE ONLY public.donations_pickuptask
    ADD CONSTRAINT donations_pickuptask_ngo_request_id_4dd028b1_fk_donations FOREIGN KEY (ngo_request_id) REFERENCES public.donations_ngofoodrequest(id) DEFERRABLE INITIALLY DEFERRED;


--
-- Name: donations_pickuptask donations_pickuptask_request_id_fcd12bcb_fk_donations; Type: FK CONSTRAINT; Schema: public; Owner: postgres
--

ALTER TABLE ONLY public.donations_pickuptask
    ADD CONSTRAINT donations_pickuptask_request_id_fcd12bcb_fk_donations FOREIGN KEY (request_id) REFERENCES public.donations_surplusfoodrequest(id) DEFERRABLE INITIALLY DEFERRED;


--
-- Name: donations_restaurantprofile donations_restaurantprofile_user_id_fedb0753_fk_auth_user_id; Type: FK CONSTRAINT; Schema: public; Owner: postgres
--

ALTER TABLE ONLY public.donations_restaurantprofile
    ADD CONSTRAINT donations_restaurantprofile_user_id_fedb0753_fk_auth_user_id FOREIGN KEY (user_id) REFERENCES public.auth_user(id) DEFERRABLE INITIALLY DEFERRED;


--
-- Name: donations_surplusfoodrequest donations_surplusfoo_accepted_by_ngo_id_e75befcc_fk_donations; Type: FK CONSTRAINT; Schema: public; Owner: postgres
--

ALTER TABLE ONLY public.donations_surplusfoodrequest
    ADD CONSTRAINT donations_surplusfoo_accepted_by_ngo_id_e75befcc_fk_donations FOREIGN KEY (accepted_by_ngo_id) REFERENCES public.donations_ngoprofile(id) DEFERRABLE INITIALLY DEFERRED;


--
-- Name: donations_surplusfoodrequest donations_surplusfoo_restaurant_id_f2b605a6_fk_donations; Type: FK CONSTRAINT; Schema: public; Owner: postgres
--

ALTER TABLE ONLY public.donations_surplusfoodrequest
    ADD CONSTRAINT donations_surplusfoo_restaurant_id_f2b605a6_fk_donations FOREIGN KEY (restaurant_id) REFERENCES public.donations_restaurantprofile(id) DEFERRABLE INITIALLY DEFERRED;


--
-- Name: donations_userrole donations_userrole_user_id_4705e86d_fk_auth_user_id; Type: FK CONSTRAINT; Schema: public; Owner: postgres
--

ALTER TABLE ONLY public.donations_userrole
    ADD CONSTRAINT donations_userrole_user_id_4705e86d_fk_auth_user_id FOREIGN KEY (user_id) REFERENCES public.auth_user(id) DEFERRABLE INITIALLY DEFERRED;


--
-- Name: donations_volunteerprofile donations_volunteerprofile_user_id_b621ed1b_fk_auth_user_id; Type: FK CONSTRAINT; Schema: public; Owner: postgres
--

ALTER TABLE ONLY public.donations_volunteerprofile
    ADD CONSTRAINT donations_volunteerprofile_user_id_b621ed1b_fk_auth_user_id FOREIGN KEY (user_id) REFERENCES public.auth_user(id) DEFERRABLE INITIALLY DEFERRED;


--
-- Name: donations_volunteertrustflag donations_volunteert_pickup_task_id_33bbdf7d_fk_donations; Type: FK CONSTRAINT; Schema: public; Owner: postgres
--

ALTER TABLE ONLY public.donations_volunteertrustflag
    ADD CONSTRAINT donations_volunteert_pickup_task_id_33bbdf7d_fk_donations FOREIGN KEY (pickup_task_id) REFERENCES public.donations_pickuptask(id) DEFERRABLE INITIALLY DEFERRED;


--
-- Name: donations_volunteertrustscorelog donations_volunteert_pickup_task_id_3edcf20f_fk_donations; Type: FK CONSTRAINT; Schema: public; Owner: postgres
--

ALTER TABLE ONLY public.donations_volunteertrustscorelog
    ADD CONSTRAINT donations_volunteert_pickup_task_id_3edcf20f_fk_donations FOREIGN KEY (pickup_task_id) REFERENCES public.donations_pickuptask(id) DEFERRABLE INITIALLY DEFERRED;


--
-- Name: donations_volunteertrustscorelog donations_volunteert_volunteer_id_61370074_fk_donations; Type: FK CONSTRAINT; Schema: public; Owner: postgres
--

ALTER TABLE ONLY public.donations_volunteertrustscorelog
    ADD CONSTRAINT donations_volunteert_volunteer_id_61370074_fk_donations FOREIGN KEY (volunteer_id) REFERENCES public.donations_volunteerprofile(id) DEFERRABLE INITIALLY DEFERRED;


--
-- Name: donations_volunteertrustflag donations_volunteert_volunteer_id_a94f2191_fk_donations; Type: FK CONSTRAINT; Schema: public; Owner: postgres
--

ALTER TABLE ONLY public.donations_volunteertrustflag
    ADD CONSTRAINT donations_volunteert_volunteer_id_a94f2191_fk_donations FOREIGN KEY (volunteer_id) REFERENCES public.donations_volunteerprofile(id) DEFERRABLE INITIALLY DEFERRED;


--
-- PostgreSQL database dump complete
--

\unrestrict Cw1stqXnQRj9gsHplpBCWy1CrB6oG7qJ0pCOteYnRxQZIhOgmY3daEbO41HIul4

